file_name,sheet_name
boe_mlar_longrun_summary.xlsx,Summary Contents
boe_mlar_longrun_summary.xlsx,Summary 1
boe_mlar_longrun_summary.xlsx,Summary 2
boe_mlar_longrun_summary.xlsx,Summary 3
boe_mlar_longrun_summary.xlsx,Notes
fca_psd_mortgages_quarterly_2024.xlsx,PSD Mortgage Quarterly Data
ons_uk_hpi_monthly_price_statistics_25mar2026.xlsx,Cover sheet
ons_uk_hpi_monthly_price_statistics_25mar2026.xlsx,Contents
ons_uk_hpi_monthly_price_statistics_25mar2026.xlsx,Notes
ons_uk_hpi_monthly_price_statistics_25mar2026.xlsx,1
ons_uk_hpi_monthly_price_statistics_25mar2026.xlsx,2
ons_uk_hpi_monthly_price_statistics_25mar2026.xlsx,3
ons_uk_hpi_monthly_price_statistics_25mar2026.xlsx,4
ons_uk_hpi_monthly_price_statistics_25mar2026.xlsx,5
ons_uk_hpi_monthly_price_statistics_25mar2026.xlsx,6
ons_uk_hpi_monthly_price_statistics_25mar2026.xlsx,7
ons_uk_hpi_monthly_price_statistics_25mar2026.xlsx,8
ons_uk_hpi_monthly_price_statistics_25mar2026.xlsx,9
ons_uk_hpi_monthly_price_statistics_25mar2026.xlsx,10
ons_uk_hpi_monthly_price_statistics_25mar2026.xlsx,11
